id,username,email,created_at
1,tidyharvest95,tidyharvest95@relay.cloud,2024-06-09 14:30:55
2,prouduplink84,prouduplink84@acme.dev,2024-05-09 15:16:17
3,cobaltvalley17,cobaltvalley17@opswise.net,2025-02-01 12:36:10
4,opalquartz74,opalquartz74@hackstack.io,2024-06-09 19:24:57
5,proudzenith31,proudzenith31@acme.dev,2024-06-23 19:54:06
6,cobaltvalley10,cobaltvalley10@opswise.net,2025-05-02 00:52:03
7,warmlagoon33,warmlagoon33@opswise.net,2024-12-06 07:16:23
8,youngjourney07,youngjourney07@hackstack.io,2024-12-22 01:06:17
9,rapiddelta96,rapiddelta96@hackstack.io,2025-12-16 03:49:01
10,livelykernel42,livelykernel42@acme.dev,2025-01-06 17:08:04
11,cobaltanchor54,cobaltanchor54@acme.dev,2025-11-04 10:42:05
12,briskkernel81,briskkernel81@opswise.net,2024-09-21 02:06:35
13,goldpioneer46,goldpioneer46@relay.cloud,2024-08-31 07:56:29
14,clearcanyon77,clearcanyon77@hackstack.io,2025-09-24 11:16:36
15,tidyquartz32,tidyquartz32@hackstack.io,2024-07-01 16:30:49
16,cleardelta37,cleardelta37@example.com,2026-01-25 04:21:54
17,livelypioneer96,livelypioneer96@example.com,2024-04-16 00:50:06
18,quietwindow12,quietwindow12@seeded.app,2024-10-25 19:08:05
19,cobaltpioneer59,cobaltpioneer59@seeded.app,2025-05-21 13:11:44
20,proudmeadow43,proudmeadow43@acme.dev,2026-01-13 05:15:03
21,urbananchor48,urbananchor48@relay.cloud,2024-03-05 11:31:40
22,opaljourney48,opaljourney48@example.com,2024-01-04 21:33:20
23,amberorbit42,amberorbit42@example.com,2025-08-17 20:10:39
24,brisklagoon43,brisklagoon43@acme.dev,2025-05-10 06:37:42
25,forestdelta79,forestdelta79@relay.cloud,2024-07-11 22:53:05
26,jadewindow48,jadewindow48@seeded.app,2025-07-02 12:53:54
27,tidyharvest20,tidyharvest20@acme.dev,2026-01-02 06:31:21
28,jadeorbit16,jadeorbit16@opswise.net,2025-04-23 13:59:30
29,urbandelta84,urbandelta84@hackstack.io,2025-04-02 09:35:46
30,embermeadow75,embermeadow75@opswise.net,2025-05-23 02:40:41
31,amberbeacon72,amberbeacon72@seeded.app,2026-01-23 19:56:45
32,proudvalley42,proudvalley42@hackstack.io,2025-07-08 08:36:28
33,vividgarden09,vividgarden09@acme.dev,2024-09-30 08:35:33
34,proudlagoon11,proudlagoon11@hackstack.io,2024-06-05 02:14:30
35,urbandelta03,urbandelta03@opswise.net,2024-07-09 12:29:25
36,goldgarden07,goldgarden07@seeded.app,2025-11-13 23:00:23
37,proudorbit22,proudorbit22@relay.cloud,2024-02-09 13:30:56
38,mellowanchor47,mellowanchor47@hackstack.io,2025-05-23 00:52:03
39,goldkernel18,goldkernel18@seeded.app,2024-01-23 03:42:14
40,warmorbit78,warmorbit78@seeded.app,2025-09-22 20:38:51
41,goldjourney84,goldjourney84@acme.dev,2025-03-04 21:07:58
42,cobaltquartz13,cobaltquartz13@acme.dev,2024-11-14 17:06:58
43,warmanchor26,warmanchor26@relay.cloud,2025-02-16 03:07:40
44,urbanbeacon59,urbanbeacon59@example.com,2024-06-15 08:02:12
45,jadepioneer06,jadepioneer06@hackstack.io,2025-05-29 00:20:17
46,vividlagoon34,vividlagoon34@opswise.net,2025-05-06 14:56:37
47,silverriver77,silverriver77@acme.dev,2024-04-06 09:42:09
48,opalnetwork88,opalnetwork88@hackstack.io,2024-04-22 16:16:25
49,calmdelta18,calmdelta18@seeded.app,2024-03-09 15:48:13
50,quietvalley31,quietvalley31@example.com,2024-03-11 07:19:50
51,silvergarden56,silvergarden56@opswise.net,2024-02-03 04:57:48
52,opalharvest58,opalharvest58@acme.dev,2024-06-30 14:45:08
53,quietnetwork11,quietnetwork11@relay.cloud,2025-12-23 05:36:09
54,tidyharvest81,tidyharvest81@hackstack.io,2025-07-06 11:43:41
55,mellowjourney80,mellowjourney80@acme.dev,2025-02-27 04:57:17
56,tidytrail16,tidytrail16@acme.dev,2025-10-25 23:21:03
57,silvermeadow53,silvermeadow53@example.com,2024-12-27 10:56:38
58,silvermeadow57,silvermeadow57@seeded.app,2024-07-03 03:48:47
59,amberfield88,amberfield88@acme.dev,2024-08-15 11:33:13
60,livelyorbit41,livelyorbit41@seeded.app,2024-11-18 10:57:27
61,warmvalley78,warmvalley78@relay.cloud,2025-08-03 08:03:49
62,quietpioneer47,quietpioneer47@hackstack.io,2025-08-18 09:53:40
63,warmnetwork63,warmnetwork63@opswise.net,2024-07-24 05:17:09
64,harborpioneer42,harborpioneer42@relay.cloud,2024-08-16 16:34:03
65,ivoryquartz39,ivoryquartz39@relay.cloud,2025-04-19 20:26:02
66,briskzenith95,briskzenith95@opswise.net,2024-05-24 01:48:50
67,dawnkernel04,dawnkernel04@hackstack.io,2024-04-25 18:05:21
68,forestharvest29,forestharvest29@hackstack.io,2025-08-25 09:39:43
69,dawngarden93,dawngarden93@acme.dev,2025-08-20 13:06:10
70,warmjourney98,warmjourney98@hackstack.io,2024-02-10 16:35:46
71,livelyengine36,livelyengine36@example.com,2024-01-05 17:48:02
72,dawnharvest95,dawnharvest95@example.com,2024-10-25 07:37:16
73,navyanchor91,navyanchor91@seeded.app,2024-11-01 03:13:36
74,emberkernel64,emberkernel64@hackstack.io,2025-08-14 17:46:40
75,opalvalley19,opalvalley19@example.com,2024-04-05 04:23:14
76,rapidnetwork90,rapidnetwork90@example.com,2024-02-08 00:28:18
77,amberuplink90,amberuplink90@seeded.app,2024-06-07 19:02:07
78,navyyard96,navyyard96@example.com,2024-07-17 18:25:09
79,urbanengine76,urbanengine76@hackstack.io,2025-02-05 21:18:02
80,proudcanyon21,proudcanyon21@seeded.app,2024-10-24 08:44:53
81,livelyuplink85,livelyuplink85@opswise.net,2024-05-08 19:54:14
82,keenriver52,keenriver52@acme.dev,2024-07-16 14:27:32
83,urbanengine92,urbanengine92@opswise.net,2024-10-17 11:51:27
84,warmdelta41,warmdelta41@example.com,2024-04-05 22:16:11
85,emberyard68,emberyard68@example.com,2024-06-30 12:15:11
86,livelylagoon01,livelylagoon01@seeded.app,2025-01-02 11:55:05
87,vividtrail10,vividtrail10@relay.cloud,2024-05-05 09:53:09
88,cleargarden19,cleargarden19@example.com,2024-05-07 01:55:11
89,cobaltcanyon83,cobaltcanyon83@seeded.app,2025-10-04 05:12:15
90,jadequartz72,jadequartz72@hackstack.io,2024-03-21 02:18:14
91,navydelta21,navydelta21@relay.cloud,2024-04-14 08:45:33
92,harbororbit94,harbororbit94@example.com,2024-09-03 01:04:34
93,mellowzenith08,mellowzenith08@opswise.net,2024-03-25 17:07:56
94,proudanchor73,proudanchor73@seeded.app,2025-07-01 13:28:07
95,mellowyard79,mellowyard79@opswise.net,2024-04-27 22:31:50
96,urbannetwork36,urbannetwork36@relay.cloud,2025-07-13 02:51:50
97,opalisland81,opalisland81@seeded.app,2026-01-20 01:59:19
98,quietlagoon80,quietlagoon80@seeded.app,2025-10-22 09:27:26
99,jadesignal52,jadesignal52@example.com,2024-02-09 00:17:13
100,amberyard03,amberyard03@opswise.net,2025-06-02 02:59:23
101,clearharvest48,clearharvest48@relay.cloud,2025-02-06 00:14:41
102,keenwindow24,keenwindow24@relay.cloud,2025-07-14 02:01:42
103,dawnnetwork69,dawnnetwork69@relay.cloud,2024-11-10 02:51:47
104,livelycanyon95,livelycanyon95@example.com,2025-11-01 17:27:46
105,emberkernel05,emberkernel05@hackstack.io,2025-11-09 23:30:46
106,youngquartz11,youngquartz11@hackstack.io,2024-08-18 20:49:32
107,keennetwork83,keennetwork83@acme.dev,2025-03-25 09:37:58
108,youngyard36,youngyard36@example.com,2025-06-23 07:10:23
109,ivoryquartz52,ivoryquartz52@acme.dev,2025-07-26 10:15:05
110,harboruplink42,harboruplink42@opswise.net,2025-07-02 16:53:42
111,embernetwork46,embernetwork46@seeded.app,2025-09-20 06:07:23
112,calmgarden44,calmgarden44@seeded.app,2025-04-10 21:55:42
113,ivoryisland12,ivoryisland12@example.com,2025-12-25 00:13:24
114,emberuplink73,emberuplink73@hackstack.io,2024-12-04 00:54:42
115,goldyard30,goldyard30@opswise.net,2025-01-16 06:01:06
116,dawnorbit22,dawnorbit22@opswise.net,2025-04-15 01:02:40
117,emberuplink84,emberuplink84@hackstack.io,2024-11-24 21:29:06
118,proudnetwork82,proudnetwork82@acme.dev,2024-04-04 15:13:25
119,briskdelta58,briskdelta58@hackstack.io,2025-09-01 09:45:34
120,vividriver03,vividriver03@opswise.net,2025-10-19 05:12:11
121,mellowlagoon27,mellowlagoon27@acme.dev,2026-01-12 04:00:01
122,livelyzenith76,livelyzenith76@relay.cloud,2024-02-28 18:57:07
123,silverbeacon62,silverbeacon62@example.com,2025-04-22 21:03:35
124,dawnmeadow76,dawnmeadow76@example.com,2025-11-27 18:48:48
125,navyriver09,navyriver09@relay.cloud,2025-07-21 21:43:33
126,harborriver08,harborriver08@hackstack.io,2025-07-01 13:37:08
127,calmisland40,calmisland40@example.com,2025-06-10 17:06:11
128,mellowwindow57,mellowwindow57@example.com,2024-09-21 08:19:46
129,goldfield82,goldfield82@relay.cloud,2024-10-05 15:28:41
130,briskzenith80,briskzenith80@example.com,2024-04-24 10:18:07
131,tidypioneer39,tidypioneer39@opswise.net,2025-02-24 12:07:06
132,youngengine14,youngengine14@example.com,2024-11-05 08:55:47
133,briskorbit14,briskorbit14@relay.cloud,2024-01-26 12:13:57
134,amberyard10,amberyard10@hackstack.io,2026-01-29 13:30:15
135,emberfield24,emberfield24@relay.cloud,2024-01-20 06:07:29
136,harboryard12,harboryard12@acme.dev,2025-12-19 10:03:33
137,forestmeadow59,forestmeadow59@seeded.app,2025-10-15 01:41:31
138,briskpioneer22,briskpioneer22@relay.cloud,2024-03-30 13:58:16
139,urbankernel89,urbankernel89@relay.cloud,2025-03-15 04:14:08
140,clearsignal33,clearsignal33@seeded.app,2024-12-06 01:44:38
141,jadelagoon78,jadelagoon78@seeded.app,2025-03-23 02:04:46
142,calmzenith98,calmzenith98@example.com,2025-05-06 14:51:33
143,proudkernel84,proudkernel84@relay.cloud,2025-08-12 07:19:38
144,briskzenith06,briskzenith06@example.com,2024-01-28 04:12:39
145,tidyfield55,tidyfield55@example.com,2025-02-26 00:26:18
146,navyzenith80,navyzenith80@relay.cloud,2024-11-22 15:02:21
147,navyquartz05,navyquartz05@opswise.net,2025-06-25 10:19:43
148,proudnetwork01,proudnetwork01@relay.cloud,2024-03-27 15:57:08
149,cobaltvalley46,cobaltvalley46@relay.cloud,2025-05-02 04:04:29
150,rapidengine24,rapidengine24@hackstack.io,2024-07-15 07:27:17
151,amberwindow08,amberwindow08@relay.cloud,2025-06-25 22:01:43
152,amberharvest41,amberharvest41@hackstack.io,2025-09-09 15:09:42
153,quietnetwork22,quietnetwork22@acme.dev,2025-05-12 11:41:49
154,opaljourney95,opaljourney95@seeded.app,2024-01-03 06:40:07
155,harbordelta98,harbordelta98@opswise.net,2025-09-25 18:39:45
156,youngfield68,youngfield68@opswise.net,2024-08-27 02:52:47
157,harbororbit51,harbororbit51@relay.cloud,2024-11-08 19:27:14
158,calmzenith63,calmzenith63@acme.dev,2025-03-26 06:23:27
159,proudtrail20,proudtrail20@relay.cloud,2024-01-21 08:38:30
160,harborjourney65,harborjourney65@example.com,2025-10-11 18:26:31
161,ivorygarden43,ivorygarden43@seeded.app,2024-06-03 16:28:39
162,cobaltuplink99,cobaltuplink99@hackstack.io,2025-12-09 03:15:25
163,goldfield94,goldfield94@acme.dev,2025-04-25 07:35:48
164,navygarden88,navygarden88@example.com,2025-03-17 09:42:42
165,opalquartz00,opalquartz00@relay.cloud,2025-11-14 17:28:15
166,proudvalley93,proudvalley93@example.com,2026-01-26 22:13:33
167,ivorygarden35,ivorygarden35@acme.dev,2024-07-15 12:03:23
168,silvergarden16,silvergarden16@seeded.app,2026-01-21 07:42:31
169,forestcanyon77,forestcanyon77@opswise.net,2025-05-13 22:11:34
170,embernetwork47,embernetwork47@hackstack.io,2026-01-01 10:59:43
171,prouddelta42,prouddelta42@example.com,2025-05-29 11:00:43
172,livelypioneer77,livelypioneer77@example.com,2024-02-01 06:46:51
173,opalyard62,opalyard62@example.com,2025-06-07 13:29:04
174,harborquartz27,harborquartz27@example.com,2024-09-22 18:42:22
175,opalengine39,opalengine39@opswise.net,2025-07-08 03:34:06
176,calmyard90,calmyard90@relay.cloud,2026-01-18 00:57:25
177,briskvalley23,briskvalley23@opswise.net,2025-04-18 02:09:21
178,proudgarden81,proudgarden81@seeded.app,2024-11-29 23:07:23
179,harborpioneer21,harborpioneer21@relay.cloud,2025-02-15 13:56:05
180,ivoryharvest28,ivoryharvest28@example.com,2024-09-12 02:48:38
181,vividjourney20,vividjourney20@seeded.app,2025-01-16 01:43:23
182,clearkernel97,clearkernel97@seeded.app,2024-07-23 08:15:06
183,amberriver08,amberriver08@opswise.net,2024-07-14 18:07:04
184,rapidyard49,rapidyard49@opswise.net,2024-08-24 08:33:10
185,youngkernel92,youngkernel92@example.com,2024-01-07 09:28:02
186,opallagoon50,opallagoon50@seeded.app,2024-01-12 03:11:30
187,livelykernel81,livelykernel81@hackstack.io,2024-04-14 10:18:43
188,harbororbit33,harbororbit33@acme.dev,2024-06-21 17:02:26
189,navymeadow40,navymeadow40@opswise.net,2024-12-19 13:59:43
190,warmriver84,warmriver84@relay.cloud,2026-01-08 23:56:49
191,briskmeadow66,briskmeadow66@hackstack.io,2025-08-06 02:37:34
192,urbanjourney71,urbanjourney71@relay.cloud,2025-11-15 06:47:09
193,youngbeacon64,youngbeacon64@opswise.net,2025-01-10 20:01:09
194,ivorykernel61,ivorykernel61@acme.dev,2024-09-22 13:59:10
195,forestjourney63,forestjourney63@seeded.app,2024-11-03 23:10:40
196,warmriver84,warmriver84@example.com,2025-04-26 14:16:00
197,mellowquartz81,mellowquartz81@example.com,2024-12-15 22:30:52
198,cobaltyard82,cobaltyard82@seeded.app,2025-05-23 12:07:14
199,opallagoon11,opallagoon11@example.com,2025-06-06 21:40:41
200,quietvalley99,quietvalley99@acme.dev,2024-11-14 05:27:50
201,tidyzenith03,tidyzenith03@seeded.app,2025-03-29 11:48:13
202,goldfield55,goldfield55@example.com,2025-11-23 16:47:22
203,proudwindow64,proudwindow64@seeded.app,2024-02-27 00:41:05
204,golduplink14,golduplink14@seeded.app,2024-06-10 12:39:28
205,mellowquartz18,mellowquartz18@acme.dev,2025-06-08 18:57:45
206,harborzenith89,harborzenith89@acme.dev,2024-01-19 11:08:42
207,mellowlagoon74,mellowlagoon74@opswise.net,2024-04-02 01:18:24
208,youngjourney02,youngjourney02@relay.cloud,2025-03-09 10:40:16
209,silveruplink35,silveruplink35@acme.dev,2024-07-03 03:36:47
210,urbanuplink75,urbanuplink75@acme.dev,2024-07-23 07:15:05
211,silverkernel52,silverkernel52@opswise.net,2024-12-06 07:34:15
212,youngsignal17,youngsignal17@hackstack.io,2025-10-06 02:46:21
213,youngzenith85,youngzenith85@opswise.net,2025-10-15 13:10:00
214,clearbeacon16,clearbeacon16@opswise.net,2025-09-13 07:26:21
215,keenyard01,keenyard01@hackstack.io,2024-11-04 04:02:11
216,briskfield23,briskfield23@relay.cloud,2025-10-10 00:17:28
217,youngvalley50,youngvalley50@example.com,2024-04-13 07:36:56
218,ivorykernel21,ivorykernel21@relay.cloud,2025-10-16 16:42:53
219,embersignal89,embersignal89@relay.cloud,2025-11-10 05:57:36
220,amberzenith82,amberzenith82@relay.cloud,2025-06-01 08:35:29
221,cobaltkernel45,cobaltkernel45@relay.cloud,2024-01-29 06:46:58
222,calmisland05,calmisland05@example.com,2024-03-07 04:15:27
223,warmisland29,warmisland29@example.com,2024-10-02 15:09:04
224,jadeorbit10,jadeorbit10@opswise.net,2024-11-02 20:34:34
225,opalfield23,opalfield23@hackstack.io,2024-08-27 20:06:06
226,clearharvest40,clearharvest40@seeded.app,2024-09-02 21:08:11
227,navybeacon35,navybeacon35@relay.cloud,2025-08-06 13:43:18
228,livelylagoon75,livelylagoon75@relay.cloud,2024-01-19 16:57:29
229,livelynetwork96,livelynetwork96@relay.cloud,2025-01-18 22:36:00
230,warmorbit27,warmorbit27@seeded.app,2024-01-03 10:17:53
231,opalmeadow61,opalmeadow61@seeded.app,2025-05-19 22:42:09
232,forestgarden22,forestgarden22@opswise.net,2024-05-13 22:40:09
233,navycanyon41,navycanyon41@hackstack.io,2025-06-03 08:37:34
234,urbanwindow08,urbanwindow08@relay.cloud,2024-03-29 01:43:02
235,dawnuplink23,dawnuplink23@seeded.app,2024-05-31 03:41:30
236,livelyisland99,livelyisland99@acme.dev,2024-09-27 00:52:10
237,clearriver74,clearriver74@opswise.net,2024-01-26 20:34:54
238,quietcanyon20,quietcanyon20@opswise.net,2025-08-10 03:06:12
239,livelyjourney72,livelyjourney72@hackstack.io,2024-03-27 05:44:31
240,livelybeacon28,livelybeacon28@relay.cloud,2025-09-01 06:21:50
241,clearcanyon37,clearcanyon37@hackstack.io,2024-12-12 21:33:09
242,opalbeacon69,opalbeacon69@example.com,2025-04-11 16:07:17
243,navynetwork42,navynetwork42@hackstack.io,2024-08-19 17:30:55
244,proudbeacon00,proudbeacon00@relay.cloud,2025-03-05 19:07:47
245,urbangarden71,urbangarden71@seeded.app,2024-12-27 07:46:54
246,jadefield35,jadefield35@acme.dev,2024-09-10 02:23:24
247,briskorbit23,briskorbit23@example.com,2024-09-02 07:30:35
248,livelymeadow55,livelymeadow55@hackstack.io,2026-01-26 18:59:52
249,tidyengine12,tidyengine12@hackstack.io,2025-03-29 15:54:53
250,urbankernel13,urbankernel13@example.com,2025-01-31 13:21:02
251,cobaltquartz88,cobaltquartz88@seeded.app,2024-10-04 19:27:38
252,keenmeadow90,keenmeadow90@seeded.app,2025-07-10 04:03:14
253,mellowengine34,mellowengine34@seeded.app,2024-05-18 07:29:07
254,navysignal27,navysignal27@seeded.app,2024-10-14 12:29:04
255,proudsignal42,proudsignal42@seeded.app,2025-07-12 21:43:35
256,goldzenith82,goldzenith82@hackstack.io,2025-10-26 20:47:56
257,dawnvalley78,dawnvalley78@hackstack.io,2024-08-14 19:54:44
258,amberfield67,amberfield67@hackstack.io,2025-07-09 09:14:13
259,vividorbit01,vividorbit01@seeded.app,2024-03-12 10:50:59
260,calmyard80,calmyard80@seeded.app,2026-01-14 02:20:50
261,calmkernel43,calmkernel43@relay.cloud,2024-05-18 05:52:34
262,ivoryharvest89,ivoryharvest89@acme.dev,2025-08-01 10:01:48
263,jadeanchor73,jadeanchor73@acme.dev,2025-10-17 19:04:12
264,proudharvest03,proudharvest03@opswise.net,2024-11-28 17:31:50
265,briskjourney61,briskjourney61@seeded.app,2024-02-16 13:27:01
266,briskcanyon55,briskcanyon55@hackstack.io,2025-12-24 22:30:56
267,warmquartz35,warmquartz35@relay.cloud,2025-09-11 21:17:06
268,quietengine34,quietengine34@example.com,2026-01-19 19:35:12
269,mellowcanyon96,mellowcanyon96@relay.cloud,2025-06-14 18:44:48
270,vividsignal43,vividsignal43@relay.cloud,2025-02-10 18:15:12
271,livelyquartz69,livelyquartz69@relay.cloud,2025-08-13 08:04:55
272,ivorylagoon02,ivorylagoon02@relay.cloud,2025-02-15 12:34:42
273,urbanbeacon69,urbanbeacon69@relay.cloud,2024-06-29 10:00:14
274,silveranchor74,silveranchor74@opswise.net,2024-07-03 21:09:11
275,briskdelta79,briskdelta79@example.com,2025-06-12 03:49:36
276,youngjourney03,youngjourney03@opswise.net,2024-07-03 14:25:41
277,urbansignal02,urbansignal02@hackstack.io,2024-09-26 20:24:21
278,emberdelta42,emberdelta42@seeded.app,2025-02-26 03:38:47
279,warmorbit00,warmorbit00@example.com,2024-01-17 22:48:47
280,dawnlagoon10,dawnlagoon10@seeded.app,2024-01-04 23:31:17
281,cobaltquartz21,cobaltquartz21@opswise.net,2025-06-06 18:05:38
282,tidyfield48,tidyfield48@example.com,2024-12-03 13:36:16
283,briskorbit05,briskorbit05@seeded.app,2024-04-12 04:16:56
284,prouduplink72,prouduplink72@opswise.net,2024-08-05 06:33:57
285,urbanvalley05,urbanvalley05@seeded.app,2024-06-08 11:12:20
286,rapiduplink13,rapiduplink13@acme.dev,2025-08-17 14:53:21
287,clearwindow54,clearwindow54@hackstack.io,2024-09-24 13:57:10
288,cobaltengine32,cobaltengine32@seeded.app,2024-07-06 19:57:10
289,dawnkernel62,dawnkernel62@opswise.net,2024-07-16 21:44:33
290,calmharvest16,calmharvest16@opswise.net,2024-03-12 16:50:55
291,dawnharvest90,dawnharvest90@opswise.net,2025-02-26 09:58:51
292,livelydelta89,livelydelta89@relay.cloud,2024-06-08 08:41:57
293,dawnmeadow72,dawnmeadow72@seeded.app,2025-06-09 12:02:21
294,rapidtrail80,rapidtrail80@example.com,2024-02-05 08:29:58
295,goldanchor73,goldanchor73@acme.dev,2024-11-01 12:02:07
296,forestanchor02,forestanchor02@hackstack.io,2024-02-18 03:38:10
297,vividlagoon94,vividlagoon94@relay.cloud,2024-11-15 10:33:27
298,cobaltengine43,cobaltengine43@opswise.net,2025-06-21 14:19:55
299,emberengine38,emberengine38@example.com,2024-11-27 12:52:26
300,proudharvest72,proudharvest72@seeded.app,2025-09-05 12:21:24
301,vividfield10,vividfield10@hackstack.io,2024-11-25 11:26:36
302,briskvalley77,briskvalley77@opswise.net,2024-05-12 14:01:22
303,jadekernel55,jadekernel55@example.com,2024-11-19 18:14:18
304,briskcanyon46,briskcanyon46@relay.cloud,2025-09-14 08:47:52
305,opalorbit68,opalorbit68@opswise.net,2024-12-25 08:51:31
306,cobaltsignal98,cobaltsignal98@hackstack.io,2025-06-18 06:41:16
307,opalanchor58,opalanchor58@seeded.app,2025-05-25 00:50:15
308,vividkernel39,vividkernel39@hackstack.io,2024-07-01 00:40:08
309,goldvalley77,goldvalley77@seeded.app,2025-09-16 18:36:42
310,clearmeadow38,clearmeadow38@opswise.net,2024-09-27 06:50:35
311,silverisland22,silverisland22@opswise.net,2025-07-18 19:16:18
312,emberkernel60,emberkernel60@seeded.app,2025-02-13 09:03:45
313,calmfield65,calmfield65@relay.cloud,2025-02-09 23:09:27
314,prouduplink84,prouduplink84@acme.dev,2025-06-03 09:01:45
315,tidydelta97,tidydelta97@acme.dev,2025-05-07 07:58:27
316,keenjourney62,keenjourney62@hackstack.io,2024-07-30 01:49:20
317,keenriver58,keenriver58@acme.dev,2024-03-05 19:44:24
318,clearsignal14,clearsignal14@relay.cloud,2025-12-04 16:00:59
319,livelysignal83,livelysignal83@seeded.app,2024-09-04 22:13:32
320,amberzenith24,amberzenith24@acme.dev,2025-07-13 19:31:29
321,vividyard28,vividyard28@hackstack.io,2025-08-01 22:37:50
322,urbanriver00,urbanriver00@opswise.net,2024-11-03 19:03:08
323,urbanfield93,urbanfield93@example.com,2025-07-27 01:22:08
324,mellownetwork85,mellownetwork85@relay.cloud,2025-12-22 02:50:52
325,youngkernel25,youngkernel25@relay.cloud,2024-06-07 17:22:13
326,rapidzenith46,rapidzenith46@seeded.app,2025-08-13 00:17:17
327,briskmeadow21,briskmeadow21@seeded.app,2025-10-08 12:46:16
328,jadezenith64,jadezenith64@acme.dev,2024-09-13 23:37:24
329,goldkernel64,goldkernel64@seeded.app,2026-01-25 03:58:58
330,mellowdelta95,mellowdelta95@hackstack.io,2026-01-31 02:04:27
331,quietkernel30,quietkernel30@relay.cloud,2024-11-30 20:51:40
332,opalkernel45,opalkernel45@example.com,2025-05-27 22:35:06
333,ambervalley14,ambervalley14@hackstack.io,2025-01-31 09:57:40
334,urbanlagoon87,urbanlagoon87@relay.cloud,2024-02-29 16:46:02
335,emberdelta95,emberdelta95@seeded.app,2025-06-20 06:12:09
336,goldriver94,goldriver94@opswise.net,2025-06-24 11:28:17
337,amberisland83,amberisland83@opswise.net,2024-09-11 00:09:22
338,goldvalley40,goldvalley40@hackstack.io,2024-04-21 23:59:31
339,keenquartz15,keenquartz15@acme.dev,2026-01-15 05:31:28
340,ivorycanyon80,ivorycanyon80@acme.dev,2025-02-25 05:53:14
341,golduplink27,golduplink27@example.com,2025-08-02 13:47:08
342,tidykernel94,tidykernel94@opswise.net,2024-03-10 11:10:04
343,quietmeadow88,quietmeadow88@relay.cloud,2025-06-22 17:55:55
344,keenorbit71,keenorbit71@example.com,2024-08-11 13:56:13
345,emberfield64,emberfield64@example.com,2024-06-09 02:14:18
346,silverengine16,silverengine16@opswise.net,2024-12-05 08:45:22
347,rapiddelta61,rapiddelta61@seeded.app,2025-08-19 19:40:36
348,quietyard25,quietyard25@acme.dev,2024-10-03 20:09:13
349,goldvalley64,goldvalley64@seeded.app,2024-08-06 15:45:01
350,vividzenith08,vividzenith08@seeded.app,2025-02-20 14:32:22
351,rapidtrail20,rapidtrail20@relay.cloud,2024-10-04 10:13:52
352,urbanzenith93,urbanzenith93@relay.cloud,2024-07-16 03:43:46
353,proudkernel39,proudkernel39@seeded.app,2024-06-28 09:33:25
354,urbanengine38,urbanengine38@seeded.app,2024-11-21 05:19:06
355,quietsignal64,quietsignal64@opswise.net,2025-09-06 12:51:51
356,jadebeacon94,jadebeacon94@opswise.net,2025-01-08 14:15:44
357,brisktrail91,brisktrail91@hackstack.io,2024-12-05 14:25:31
358,keenengine33,keenengine33@hackstack.io,2025-04-08 14:08:40
359,calmengine19,calmengine19@example.com,2024-11-14 19:52:13
360,brisknetwork42,brisknetwork42@opswise.net,2025-02-15 00:25:34
361,goldisland48,goldisland48@opswise.net,2024-07-12 13:05:43
362,mellowyard62,mellowyard62@hackstack.io,2024-07-10 21:11:40
363,melloworbit75,melloworbit75@opswise.net,2025-07-22 15:30:48
364,rapidnetwork37,rapidnetwork37@seeded.app,2024-09-03 19:07:29
365,briskharvest72,briskharvest72@acme.dev,2025-12-25 19:01:40
366,keenanchor67,keenanchor67@relay.cloud,2024-06-12 00:32:57
367,amberquartz01,amberquartz01@relay.cloud,2024-06-03 09:22:34
368,silveryard18,silveryard18@example.com,2025-05-18 16:31:05
369,briskbeacon33,briskbeacon33@relay.cloud,2024-12-05 13:01:21
370,clearvalley27,clearvalley27@hackstack.io,2024-12-04 00:13:48
371,opaltrail27,opaltrail27@opswise.net,2024-07-16 13:12:34
372,forestyard84,forestyard84@seeded.app,2025-01-02 10:08:32
373,tidyquartz96,tidyquartz96@acme.dev,2024-10-22 15:59:08
374,opalgarden38,opalgarden38@hackstack.io,2024-10-05 08:16:49
375,ivoryisland97,ivoryisland97@opswise.net,2024-03-02 09:57:12
376,forestanchor71,forestanchor71@opswise.net,2025-01-04 18:04:04
377,quietuplink16,quietuplink16@seeded.app,2025-11-27 02:09:15
378,forestkernel62,forestkernel62@seeded.app,2024-07-15 06:31:22
379,urbanriver91,urbanriver91@example.com,2024-11-28 15:43:58
380,warmtrail15,warmtrail15@example.com,2024-12-22 04:49:59
381,harborisland06,harborisland06@acme.dev,2024-08-28 00:19:39
382,navyriver04,navyriver04@opswise.net,2025-12-30 18:45:47
383,ivoryorbit65,ivoryorbit65@seeded.app,2024-05-09 01:01:27
384,harborharvest61,harborharvest61@relay.cloud,2024-04-23 13:52:19
385,proudpioneer51,proudpioneer51@hackstack.io,2025-07-08 21:31:21
386,navyengine77,navyengine77@relay.cloud,2024-08-14 09:30:52
387,briskdelta01,briskdelta01@example.com,2025-12-16 02:23:15
388,vividbeacon40,vividbeacon40@opswise.net,2025-07-10 05:32:23
389,clearbeacon20,clearbeacon20@acme.dev,2024-05-16 23:36:23
390,tidymeadow85,tidymeadow85@relay.cloud,2024-04-06 16:26:39
391,ivoryengine01,ivoryengine01@opswise.net,2025-11-09 12:26:04
392,mellowbeacon10,mellowbeacon10@opswise.net,2024-05-26 21:40:59
393,forestzenith28,forestzenith28@hackstack.io,2024-10-01 22:09:55
394,silverharvest39,silverharvest39@example.com,2025-09-17 14:36:32
395,quietkernel86,quietkernel86@opswise.net,2025-06-18 08:09:08
396,tidypioneer78,tidypioneer78@acme.dev,2024-04-28 22:44:43
397,forestdelta36,forestdelta36@seeded.app,2025-09-13 03:48:57
398,harborfield29,harborfield29@hackstack.io,2024-02-18 14:23:10
399,tidyriver80,tidyriver80@hackstack.io,2024-04-28 15:38:32
400,clearriver73,clearriver73@opswise.net,2024-11-14 20:29:02
